model,accuracy,f1_macro
CNN_2D,0.8444202108324246,0.8436874242707482
CNN_1D,0.6537622682660851,0.6493697080904074
