model,accuracy,f1_macro
CNN_2D,0.6,0.5238095238095238
CNN_1D,0.5,0.3333333333333333
