model,accuracy,f1_macro
CNN_2D,0.5,0.3333333333333333
CNN_1D,0.5,0.3333333333333333
