model,accuracy,f1_macro
CNN_2D,0.7835820895522388,0.782191465572111
CNN_1D,0.5763119884448724,0.5726576735742951
