model,accuracy,f1_macro
CNN_2D,0.8336968375136314,0.8314175903733151
CNN_1D,0.6873864049436569,0.6837268517767192
