model,accuracy,f1_macro
CNN_2D,0.7936928261916225,0.7911988529867683
CNN_1D,0.5671641791044776,0.5650518500461809
